[{
  "user-exists": "The email you entered already has an account, have you forgotten your password?",
  "user-error": "The entered username or password was wrong",
  "password-match": "Your passwords do not match",
  "email-match": "Your emails do not match",
  "email-invalid": "The email format you entered is invalid",
  "unknown": "Woops, something went wrong. Please try again later",
  "password-length": "Your password is too short, please enter a password more than 8 characters",
  "input-empty": "You must fill out all of the Inputs below",
  "member-error": "You must be a member to book your film",
  "booking-exists": "You have already booked this film",
  "account-delete-failed": "Your account delete failed, please try again",
  "whitespace-in-name": "Please do not use the space key within the first name or last name fields",
  "name-length": "Your name cannot be longer than 24 characters"
}]